{
	"description": "项目配置文件",
	"packOptions": {
		"ignore": []
	},
	"setting": {
		"urlCheck": true,
		"es6": true,
		"postcss": true,
		"minified": true,
		"newFeature": true,
		"autoAudits": false,
		"coverView": true
	},
	"compileType": "miniprogram",
	"libVersion": "2.9.1",
	"appid": "wx26e29f541e381c7d",
	"projectname": "%E5%B0%8F%E7%A8%8B%E5%BA%8F%E4%BB%A3%E7%A0%81",
	"debugOptions": {
		"hidedInDevtools": []
	},
	"isGameTourist": false,
	"simulatorType": "wechat",
	"simulatorPluginLibVersion": {},
	"condition": {
		"search": {
			"current": -1,
			"list": []
		},
		"conversation": {
			"current": -1,
			"list": []
		},
		"plugin": {
			"current": -1,
			"list": []
		},
		"game": {
			"currentL": -1,
			"list": []
		},
		"miniprogram": {
			"current": 1,
			"list": [
				{
					"id": 0,
					"name": "pages/component1/index2/index2",
					"pathName": "pages/component1/index2/index2",
					"query": "",
					"scene": null
				},
				{
					"id": 1,
					"name": "pages/index3/index3",
					"pathName": "pages/index3/index3",
					"query": "",
					"scene": null
				}
			]
		}
	}
}